<?xml version="1.0" encoding="utf-8"?>
<ndm xmlns:xsi="http://www.w3.org/2001/XMLSchema-instance" xsi:noNamespaceSchemaLocation="https://sanaregistry.org/r/ndmxml_unqualified/ndmxml-3.0.0-master-3.0.xsd"><omm id="CCSDS_OMM_VERS" version="3.0"><header><COMMENT>GENERATED VIA SPACE-TRACK.ORG API</COMMENT><CREATION_DATE>2024-04-27T01:26:17</CREATION_DATE><ORIGINATOR>18 SPCS</ORIGINATOR></header><body><segment><metadata><OBJECT_NAME>CZ-2F DEB</OBJECT_NAME><OBJECT_ID>2024-078E</OBJECT_ID><CENTER_NAME>EARTH</CENTER_NAME><REF_FRAME>TEME</REF_FRAME><TIME_SYSTEM>UTC</TIME_SYSTEM><MEAN_ELEMENT_THEORY>SGP4</MEAN_ELEMENT_THEORY></metadata><data><meanElements><EPOCH>2024-04-26T20:28:50.972736</EPOCH><MEAN_MOTION>15.94157667</MEAN_MOTION><ECCENTRICITY>0.01614390</ECCENTRICITY><INCLINATION>41.2954</INCLINATION><RA_OF_ASC_NODE>36.8973</RA_OF_ASC_NODE><ARG_OF_PERICENTER>124.3929</ARG_OF_PERICENTER><MEAN_ANOMALY>237.3200</MEAN_ANOMALY></meanElements><tleParameters><EPHEMERIS_TYPE>0</EPHEMERIS_TYPE><CLASSIFICATION_TYPE>U</CLASSIFICATION_TYPE><NORAD_CAT_ID>59595</NORAD_CAT_ID><ELEMENT_SET_NO>999</ELEMENT_SET_NO><REV_AT_EPOCH>21</REV_AT_EPOCH><BSTAR>0.00885390000000</BSTAR><MEAN_MOTION_DOT>0.13837883</MEAN_MOTION_DOT><MEAN_MOTION_DDOT>0.0000068135000</MEAN_MOTION_DDOT></tleParameters><userDefinedParameters><USER_DEFINED parameter="SEMIMAJOR_AXIS">6668.799</USER_DEFINED><USER_DEFINED parameter="PERIOD">90.330</USER_DEFINED><USER_DEFINED parameter="APOAPSIS">398.325</USER_DEFINED><USER_DEFINED parameter="PERIAPSIS">183.004</USER_DEFINED><USER_DEFINED parameter="OBJECT_TYPE">DEBRIS</USER_DEFINED><USER_DEFINED parameter="RCS_SIZE"/><USER_DEFINED parameter="COUNTRY_CODE">PRC</USER_DEFINED><USER_DEFINED parameter="LAUNCH_DATE">2024-04-25</USER_DEFINED><USER_DEFINED parameter="SITE">JSC</USER_DEFINED><USER_DEFINED parameter="DECAY_DATE">2024-04-27</USER_DEFINED><USER_DEFINED parameter="FILE">4299715</USER_DEFINED><USER_DEFINED parameter="GP_ID">255785703</USER_DEFINED></userDefinedParameters></data></segment></body></omm></ndm>
