<?xml version="1.0" encoding="utf-8"?>
<ndm xmlns:xsi="http://www.w3.org/2001/XMLSchema-instance" xsi:noNamespaceSchemaLocation="https://sanaregistry.org/r/ndmxml_unqualified/ndmxml-3.0.0-master-3.0.xsd"><omm id="CCSDS_OMM_VERS" version="3.0"><header><COMMENT>GENERATED VIA SPACE-TRACK.ORG API</COMMENT><CREATION_DATE>2025-07-18T16:56:20</CREATION_DATE><ORIGINATOR>18 SPCS</ORIGINATOR></header><body><segment><metadata><OBJECT_NAME>CZ-7 DEB</OBJECT_NAME><OBJECT_ID>2025-149D</OBJECT_ID><CENTER_NAME>EARTH</CENTER_NAME><REF_FRAME>TEME</REF_FRAME><TIME_SYSTEM>UTC</TIME_SYSTEM><MEAN_ELEMENT_THEORY>SGP4</MEAN_ELEMENT_THEORY></metadata><data><meanElements><EPOCH>2025-07-18T08:43:53.238432</EPOCH><MEAN_MOTION>16.13641635</MEAN_MOTION><ECCENTRICITY>0.00993140</ECCENTRICITY><INCLINATION>41.7768</INCLINATION><RA_OF_ASC_NODE>190.6550</RA_OF_ASC_NODE><ARG_OF_PERICENTER>198.2351</ARG_OF_PERICENTER><MEAN_ANOMALY>304.2750</MEAN_ANOMALY></meanElements><tleParameters><EPHEMERIS_TYPE>0</EPHEMERIS_TYPE><CLASSIFICATION_TYPE>U</CLASSIFICATION_TYPE><NORAD_CAT_ID>64789</NORAD_CAT_ID><ELEMENT_SET_NO>999</ELEMENT_SET_NO><REV_AT_EPOCH>55</REV_AT_EPOCH><BSTAR>0.00374200000000</BSTAR><MEAN_MOTION_DOT>0.11742993</MEAN_MOTION_DOT><MEAN_MOTION_DDOT>0.0000070081000</MEAN_MOTION_DDOT></tleParameters><userDefinedParameters><USER_DEFINED parameter="SEMIMAJOR_AXIS">6615.009</USER_DEFINED><USER_DEFINED parameter="PERIOD">89.239</USER_DEFINED><USER_DEFINED parameter="APOAPSIS">302.570</USER_DEFINED><USER_DEFINED parameter="PERIAPSIS">171.178</USER_DEFINED><USER_DEFINED parameter="OBJECT_TYPE">DEBRIS</USER_DEFINED><USER_DEFINED parameter="RCS_SIZE"/><USER_DEFINED parameter="COUNTRY_CODE">PRC</USER_DEFINED><USER_DEFINED parameter="LAUNCH_DATE">2025-07-14</USER_DEFINED><USER_DEFINED parameter="SITE">WSC</USER_DEFINED><USER_DEFINED parameter="DECAY_DATE">2025-07-19</USER_DEFINED><USER_DEFINED parameter="FILE">4788845</USER_DEFINED><USER_DEFINED parameter="GP_ID">292881953</USER_DEFINED></userDefinedParameters></data></segment></body></omm></ndm>
