<ndm xsi:noNamespaceSchemaLocation="https://sanaregistry.org/r/ndmxml_unqualified/ndmxml-3.0.0-master-3.0.xsd">
<omm id="CCSDS_OMM_VERS" version="3.0">
<header>
<COMMENT>GENERATED VIA SPACE-TRACK.ORG API</COMMENT>
<CREATION_DATE>2025-05-30T19:07:09</CREATION_DATE>
<ORIGINATOR>18 SPCS</ORIGINATOR>
</header>
<body>
<segment>
<metadata>
<OBJECT_NAME>DMSP 5D-2 F14 DEB</OBJECT_NAME>
<OBJECT_ID>1997-012V</OBJECT_ID>
<CENTER_NAME>EARTH</CENTER_NAME>
<REF_FRAME>TEME</REF_FRAME>
<TIME_SYSTEM>UTC</TIME_SYSTEM>
<MEAN_ELEMENT_THEORY>SGP4</MEAN_ELEMENT_THEORY>
</metadata>
<data>
<meanElements>
<EPOCH>2025-05-30T08:57:59.611104</EPOCH>
<MEAN_MOTION>14.23077969</MEAN_MOTION>
<ECCENTRICITY>0.00357820</ECCENTRICITY>
<INCLINATION>98.8654</INCLINATION>
<RA_OF_ASC_NODE>201.1149</RA_OF_ASC_NODE>
<ARG_OF_PERICENTER>75.0979</ARG_OF_PERICENTER>
<MEAN_ANOMALY>285.4156</MEAN_ANOMALY>
</meanElements>
<tleParameters>
<EPHEMERIS_TYPE>0</EPHEMERIS_TYPE>
<CLASSIFICATION_TYPE>U</CLASSIFICATION_TYPE>
<NORAD_CAT_ID>63155</NORAD_CAT_ID>
<ELEMENT_SET_NO>999</ELEMENT_SET_NO>
<REV_AT_EPOCH>1441</REV_AT_EPOCH>
<BSTAR>0.00170110000000</BSTAR>
<MEAN_MOTION_DOT>0.00003819</MEAN_MOTION_DOT>
<MEAN_MOTION_DDOT>0.0000000000000</MEAN_MOTION_DDOT>
</tleParameters>
<userDefinedParameters>
<USER_DEFINED parameter="SEMIMAJOR_AXIS">7193.099</USER_DEFINED>
<USER_DEFINED parameter="PERIOD">101.189</USER_DEFINED>
<USER_DEFINED parameter="APOAPSIS">840.702</USER_DEFINED>
<USER_DEFINED parameter="PERIAPSIS">789.226</USER_DEFINED>
<USER_DEFINED parameter="OBJECT_TYPE">DEBRIS</USER_DEFINED>
<USER_DEFINED parameter="RCS_SIZE">SMALL</USER_DEFINED>
<USER_DEFINED parameter="COUNTRY_CODE">US</USER_DEFINED>
<USER_DEFINED parameter="LAUNCH_DATE">1997-04-04</USER_DEFINED>
<USER_DEFINED parameter="SITE">AFWTR</USER_DEFINED>
<USER_DEFINED parameter="DECAY_DATE"/>
<USER_DEFINED parameter="FILE">4743029</USER_DEFINED>
<USER_DEFINED parameter="GP_ID">288768345</USER_DEFINED>
</userDefinedParameters>
</data>
</segment>
</body>
</omm>
</ndm>
