<ndm xsi:noNamespaceSchemaLocation="https://sanaregistry.org/r/ndmxml_unqualified/ndmxml-3.0.0-master-3.0.xsd">
<omm id="CCSDS_OMM_VERS" version="3.0">
<header>
<COMMENT>GENERATED VIA SPACE-TRACK.ORG API</COMMENT>
<CREATION_DATE>2025-01-29T19:56:19</CREATION_DATE>
<ORIGINATOR>18 SPCS</ORIGINATOR>
</header>
<body>
<segment>
<metadata>
<OBJECT_NAME>DRAGON CRS-31 DEB</OBJECT_NAME>
<OBJECT_ID>2024-200B</OBJECT_ID>
<CENTER_NAME>EARTH</CENTER_NAME>
<REF_FRAME>TEME</REF_FRAME>
<TIME_SYSTEM>UTC</TIME_SYSTEM>
<MEAN_ELEMENT_THEORY>SGP4</MEAN_ELEMENT_THEORY>
</metadata>
<data>
<meanElements>
<EPOCH>2025-01-29T15:40:47.529696</EPOCH>
<MEAN_MOTION>16.40053217</MEAN_MOTION>
<ECCENTRICITY>0.00059900</ECCENTRICITY>
<INCLINATION>51.6226</INCLINATION>
<RA_OF_ASC_NODE>259.7984</RA_OF_ASC_NODE>
<ARG_OF_PERICENTER>314.7115</ARG_OF_PERICENTER>
<MEAN_ANOMALY>89.5839</MEAN_ANOMALY>
</meanElements>
<tleParameters>
<EPHEMERIS_TYPE>0</EPHEMERIS_TYPE>
<CLASSIFICATION_TYPE>U</CLASSIFICATION_TYPE>
<NORAD_CAT_ID>62608</NORAD_CAT_ID>
<ELEMENT_SET_NO>999</ELEMENT_SET_NO>
<REV_AT_EPOCH>247</REV_AT_EPOCH>
<BSTAR>0.00039522000000</BSTAR>
<MEAN_MOTION_DOT>0.05515617</MEAN_MOTION_DOT>
<MEAN_MOTION_DDOT>0.0000124580000</MEAN_MOTION_DDOT>
</tleParameters>
<userDefinedParameters>
<USER_DEFINED parameter="SEMIMAJOR_AXIS">6543.798</USER_DEFINED>
<USER_DEFINED parameter="PERIOD">87.802</USER_DEFINED>
<USER_DEFINED parameter="APOAPSIS">169.583</USER_DEFINED>
<USER_DEFINED parameter="PERIAPSIS">161.743</USER_DEFINED>
<USER_DEFINED parameter="OBJECT_TYPE">DEBRIS</USER_DEFINED>
<USER_DEFINED parameter="RCS_SIZE">LARGE</USER_DEFINED>
<USER_DEFINED parameter="COUNTRY_CODE">US</USER_DEFINED>
<USER_DEFINED parameter="LAUNCH_DATE">2024-11-05</USER_DEFINED>
<USER_DEFINED parameter="SITE">AFETR</USER_DEFINED>
<USER_DEFINED parameter="DECAY_DATE">2025-01-29</USER_DEFINED>
<USER_DEFINED parameter="FILE">4625365</USER_DEFINED>
<USER_DEFINED parameter="GP_ID">279429584</USER_DEFINED>
</userDefinedParameters>
</data>
</segment>
</body>
</omm>
</ndm>
