<ndm xsi:noNamespaceSchemaLocation="https://sanaregistry.org/r/ndmxml_unqualified/ndmxml-3.0.0-master-3.0.xsd">
<omm id="CCSDS_OMM_VERS" version="3.0">
<header>
<COMMENT>GENERATED VIA SPACE-TRACK.ORG API</COMMENT>
<CREATION_DATE>2025-03-24T20:56:17</CREATION_DATE>
<ORIGINATOR>18 SPCS</ORIGINATOR>
</header>
<body>
<segment>
<metadata>
<OBJECT_NAME>DRAGON FREEDOM-2 DEB</OBJECT_NAME>
<OBJECT_ID>2024-178B</OBJECT_ID>
<CENTER_NAME>EARTH</CENTER_NAME>
<REF_FRAME>TEME</REF_FRAME>
<TIME_SYSTEM>UTC</TIME_SYSTEM>
<MEAN_ELEMENT_THEORY>SGP4</MEAN_ELEMENT_THEORY>
</metadata>
<data>
<meanElements>
<EPOCH>2025-03-24T19:39:13.875840</EPOCH>
<MEAN_MOTION>16.43181485</MEAN_MOTION>
<ECCENTRICITY>0.00287530</ECCENTRICITY>
<INCLINATION>52.1202</INCLINATION>
<RA_OF_ASC_NODE>2.6839</RA_OF_ASC_NODE>
<ARG_OF_PERICENTER>88.5024</ARG_OF_PERICENTER>
<MEAN_ANOMALY>14.3950</MEAN_ANOMALY>
</meanElements>
<tleParameters>
<EPHEMERIS_TYPE>0</EPHEMERIS_TYPE>
<CLASSIFICATION_TYPE>U</CLASSIFICATION_TYPE>
<NORAD_CAT_ID>63331</NORAD_CAT_ID>
<ELEMENT_SET_NO>999</ELEMENT_SET_NO>
<REV_AT_EPOCH>96</REV_AT_EPOCH>
<BSTAR>0.00042883000000</BSTAR>
<MEAN_MOTION_DOT>0.19199630</MEAN_MOTION_DOT>
<MEAN_MOTION_DDOT>0.0000125020000</MEAN_MOTION_DDOT>
</tleParameters>
<userDefinedParameters>
<USER_DEFINED parameter="SEMIMAJOR_AXIS">6535.490</USER_DEFINED>
<USER_DEFINED parameter="PERIOD">87.635</USER_DEFINED>
<USER_DEFINED parameter="APOAPSIS">176.146</USER_DEFINED>
<USER_DEFINED parameter="PERIAPSIS">138.563</USER_DEFINED>
<USER_DEFINED parameter="OBJECT_TYPE">DEBRIS</USER_DEFINED>
<USER_DEFINED parameter="RCS_SIZE">MEDIUM</USER_DEFINED>
<USER_DEFINED parameter="COUNTRY_CODE">US</USER_DEFINED>
<USER_DEFINED parameter="LAUNCH_DATE">2024-09-28</USER_DEFINED>
<USER_DEFINED parameter="SITE">AFETR</USER_DEFINED>
<USER_DEFINED parameter="DECAY_DATE">2025-03-25</USER_DEFINED>
<USER_DEFINED parameter="FILE">4679447</USER_DEFINED>
<USER_DEFINED parameter="GP_ID">283937846</USER_DEFINED>
</userDefinedParameters>
</data>
</segment>
</body>
</omm>
</ndm>
