<?xml version="1.0" encoding="utf-8"?>
<ndm xmlns:xsi="http://www.w3.org/2001/XMLSchema-instance" xsi:noNamespaceSchemaLocation="https://sanaregistry.org/r/ndmxml_unqualified/ndmxml-3.0.0-master-3.0.xsd"><omm id="CCSDS_OMM_VERS" version="3.0"><header><COMMENT>GENERATED VIA SPACE-TRACK.ORG API</COMMENT><CREATION_DATE>2004-08-15T23:36:23</CREATION_DATE><ORIGINATOR>18 SPCS</ORIGINATOR></header><body><segment><metadata><OBJECT_NAME>ECHO 1</OBJECT_NAME><OBJECT_ID>1960-009A</OBJECT_ID><CENTER_NAME>EARTH</CENTER_NAME><REF_FRAME>TEME</REF_FRAME><TIME_SYSTEM>UTC</TIME_SYSTEM><MEAN_ELEMENT_THEORY>SGP4</MEAN_ELEMENT_THEORY></metadata><data><meanElements><EPOCH>1968-05-23T20:47:17.439647</EPOCH><MEAN_MOTION>15.53427992</MEAN_MOTION><ECCENTRICITY>0.00182990</ECCENTRICITY><INCLINATION>47.1857</INCLINATION><RA_OF_ASC_NODE>303.1560</RA_OF_ASC_NODE><ARG_OF_PERICENTER>276.1888</ARG_OF_PERICENTER><MEAN_ANOMALY>83.6866</MEAN_ANOMALY></meanElements><tleParameters><EPHEMERIS_TYPE>0</EPHEMERIS_TYPE><CLASSIFICATION_TYPE>U</CLASSIFICATION_TYPE><NORAD_CAT_ID>49</NORAD_CAT_ID><ELEMENT_SET_NO>999</ELEMENT_SET_NO><REV_AT_EPOCH>36029</REV_AT_EPOCH><BSTAR>0.00000000000000</BSTAR><MEAN_MOTION_DOT>0.41988289</MEAN_MOTION_DOT><MEAN_MOTION_DDOT>0.0000000000000</MEAN_MOTION_DDOT></tleParameters><userDefinedParameters><USER_DEFINED parameter="SEMIMAJOR_AXIS">6784.867</USER_DEFINED><USER_DEFINED parameter="PERIOD">92.698</USER_DEFINED><USER_DEFINED parameter="APOAPSIS">419.148</USER_DEFINED><USER_DEFINED parameter="PERIAPSIS">394.316</USER_DEFINED><USER_DEFINED parameter="OBJECT_TYPE">PAYLOAD</USER_DEFINED><USER_DEFINED parameter="RCS_SIZE"/><USER_DEFINED parameter="COUNTRY_CODE"/><USER_DEFINED parameter="LAUNCH_DATE"/><USER_DEFINED parameter="SITE"/><USER_DEFINED parameter="DECAY_DATE">1968-05-24</USER_DEFINED><USER_DEFINED parameter="FILE">33926</USER_DEFINED><USER_DEFINED parameter="GP_ID">8760175</USER_DEFINED></userDefinedParameters></data></segment></body></omm></ndm>
