<?xml version="1.0" encoding="utf-8"?>
<ndm xmlns:xsi="http://www.w3.org/2001/XMLSchema-instance" xsi:noNamespaceSchemaLocation="https://sanaregistry.org/r/ndmxml_unqualified/ndmxml-3.0.0-master-3.0.xsd"><omm id="CCSDS_OMM_VERS" version="3.0"><header><COMMENT>GENERATED VIA SPACE-TRACK.ORG API</COMMENT><CREATION_DATE>2025-08-24T02:08:44</CREATION_DATE><ORIGINATOR>18 SPCS</ORIGINATOR></header><body><segment><metadata><OBJECT_NAME>ELECTRON R/B</OBJECT_NAME><OBJECT_ID>2025-169C</OBJECT_ID><CENTER_NAME>EARTH</CENTER_NAME><REF_FRAME>TEME</REF_FRAME><TIME_SYSTEM>UTC</TIME_SYSTEM><MEAN_ELEMENT_THEORY>SGP4</MEAN_ELEMENT_THEORY></metadata><data><meanElements><EPOCH>2025-08-23T21:39:35.320032</EPOCH><MEAN_MOTION>15.77637246</MEAN_MOTION><ECCENTRICITY>0.01844439</ECCENTRICITY><INCLINATION>42.0218</INCLINATION><RA_OF_ASC_NODE>197.4144</RA_OF_ASC_NODE><ARG_OF_PERICENTER>27.7435</ARG_OF_PERICENTER><MEAN_ANOMALY>333.3115</MEAN_ANOMALY></meanElements><tleParameters><EPHEMERIS_TYPE>0</EPHEMERIS_TYPE><CLASSIFICATION_TYPE>U</CLASSIFICATION_TYPE><NORAD_CAT_ID>65118</NORAD_CAT_ID><ELEMENT_SET_NO>999</ELEMENT_SET_NO><REV_AT_EPOCH>293</REV_AT_EPOCH><BSTAR>0.00145056870000</BSTAR><MEAN_MOTION_DOT>0.00859169</MEAN_MOTION_DOT><MEAN_MOTION_DDOT>0.0000076213070</MEAN_MOTION_DDOT></tleParameters><userDefinedParameters><USER_DEFINED parameter="SEMIMAJOR_AXIS">6715.274</USER_DEFINED><USER_DEFINED parameter="PERIOD">91.276</USER_DEFINED><USER_DEFINED parameter="APOAPSIS">460.998</USER_DEFINED><USER_DEFINED parameter="PERIAPSIS">213.280</USER_DEFINED><USER_DEFINED parameter="OBJECT_TYPE">ROCKET BODY</USER_DEFINED><USER_DEFINED parameter="RCS_SIZE">LARGE</USER_DEFINED><USER_DEFINED parameter="COUNTRY_CODE">US</USER_DEFINED><USER_DEFINED parameter="LAUNCH_DATE">2025-08-05</USER_DEFINED><USER_DEFINED parameter="SITE">RLLC</USER_DEFINED><USER_DEFINED parameter="DECAY_DATE"/><USER_DEFINED parameter="FILE">4820264</USER_DEFINED><USER_DEFINED parameter="GP_ID">295878614</USER_DEFINED></userDefinedParameters></data></segment></body></omm></ndm>
