<?xml version="1.0" encoding="utf-8"?>
<ndm xmlns:xsi="http://www.w3.org/2001/XMLSchema-instance" xsi:noNamespaceSchemaLocation="https://sanaregistry.org/r/ndmxml_unqualified/ndmxml-3.0.0-master-3.0.xsd"><omm id="CCSDS_OMM_VERS" version="3.0"><header><COMMENT>GENERATED VIA SPACE-TRACK.ORG API</COMMENT><CREATION_DATE>2004-08-15T23:35:35</CREATION_DATE><ORIGINATOR>18 SPCS</ORIGINATOR></header><body><segment><metadata><OBJECT_NAME>EXPLORER 9</OBJECT_NAME><OBJECT_ID>1961-004A</OBJECT_ID><CENTER_NAME>EARTH</CENTER_NAME><REF_FRAME>TEME</REF_FRAME><TIME_SYSTEM>UTC</TIME_SYSTEM><MEAN_ELEMENT_THEORY>SGP4</MEAN_ELEMENT_THEORY></metadata><data><meanElements><EPOCH>1964-04-08T06:13:34.313088</EPOCH><MEAN_MOTION>15.48210031</MEAN_MOTION><ECCENTRICITY>0.02008720</ECCENTRICITY><INCLINATION>38.8448</INCLINATION><RA_OF_ASC_NODE>136.7337</RA_OF_ASC_NODE><ARG_OF_PERICENTER>38.1868</ARG_OF_PERICENTER><MEAN_ANOMALY>323.2614</MEAN_ANOMALY></meanElements><tleParameters><EPHEMERIS_TYPE>0</EPHEMERIS_TYPE><CLASSIFICATION_TYPE>U</CLASSIFICATION_TYPE><NORAD_CAT_ID>81</NORAD_CAT_ID><ELEMENT_SET_NO>999</ELEMENT_SET_NO><REV_AT_EPOCH>14227</REV_AT_EPOCH><BSTAR>0.00000000000000</BSTAR><MEAN_MOTION_DOT>0.10394656</MEAN_MOTION_DOT><MEAN_MOTION_DDOT>0.0000000000000</MEAN_MOTION_DDOT></tleParameters><userDefinedParameters><USER_DEFINED parameter="SEMIMAJOR_AXIS">6800.103</USER_DEFINED><USER_DEFINED parameter="PERIOD">93.010</USER_DEFINED><USER_DEFINED parameter="APOAPSIS">558.563</USER_DEFINED><USER_DEFINED parameter="PERIAPSIS">285.373</USER_DEFINED><USER_DEFINED parameter="OBJECT_TYPE">PAYLOAD</USER_DEFINED><USER_DEFINED parameter="RCS_SIZE"/><USER_DEFINED parameter="COUNTRY_CODE"/><USER_DEFINED parameter="LAUNCH_DATE"/><USER_DEFINED parameter="SITE"/><USER_DEFINED parameter="DECAY_DATE">1964-04-09</USER_DEFINED><USER_DEFINED parameter="FILE">33910</USER_DEFINED><USER_DEFINED parameter="GP_ID">8683638</USER_DEFINED></userDefinedParameters></data></segment></body></omm></ndm>
