<ndm xsi:noNamespaceSchemaLocation="https://sanaregistry.org/r/ndmxml_unqualified/ndmxml-3.0.0-master-3.0.xsd">
<omm id="CCSDS_OMM_VERS" version="3.0">
<header>
<COMMENT>GENERATED VIA SPACE-TRACK.ORG API</COMMENT>
<CREATION_DATE>2004-08-15T23:35:20</CREATION_DATE>
<ORIGINATOR>18 SPCS</ORIGINATOR>
</header>
<body>
<segment>
<metadata>
<OBJECT_NAME>EXPLORER 4</OBJECT_NAME>
<OBJECT_ID>1958-005A</OBJECT_ID>
<CENTER_NAME>EARTH</CENTER_NAME>
<REF_FRAME>TEME</REF_FRAME>
<TIME_SYSTEM>UTC</TIME_SYSTEM>
<MEAN_ELEMENT_THEORY>SGP4</MEAN_ELEMENT_THEORY>
</metadata>
<data>
<meanElements>
<EPOCH>1959-10-02T06:53:14.055072</EPOCH>
<MEAN_MOTION>15.51612549</MEAN_MOTION>
<ECCENTRICITY>0.02545340</ECCENTRICITY>
<INCLINATION>50.2549</INCLINATION>
<RA_OF_ASC_NODE>82.4216</RA_OF_ASC_NODE>
<ARG_OF_PERICENTER>57.7226</ARG_OF_PERICENTER>
<MEAN_ANOMALY>303.5234</MEAN_ANOMALY>
</meanElements>
<tleParameters>
<EPHEMERIS_TYPE>0</EPHEMERIS_TYPE>
<CLASSIFICATION_TYPE>U</CLASSIFICATION_TYPE>
<NORAD_CAT_ID>9</NORAD_CAT_ID>
<ELEMENT_SET_NO>999</ELEMENT_SET_NO>
<REV_AT_EPOCH>6070</REV_AT_EPOCH>
<BSTAR>0.00000000000000</BSTAR>
<MEAN_MOTION_DOT>0.00892850</MEAN_MOTION_DOT>
<MEAN_MOTION_DDOT>0.0000000000000</MEAN_MOTION_DDOT>
</tleParameters>
<userDefinedParameters>
<USER_DEFINED parameter="SEMIMAJOR_AXIS">6790.158</USER_DEFINED>
<USER_DEFINED parameter="PERIOD">92.806</USER_DEFINED>
<USER_DEFINED parameter="APOAPSIS">584.856</USER_DEFINED>
<USER_DEFINED parameter="PERIAPSIS">239.191</USER_DEFINED>
<USER_DEFINED parameter="OBJECT_TYPE">PAYLOAD</USER_DEFINED>
<USER_DEFINED parameter="RCS_SIZE"/>
<USER_DEFINED parameter="COUNTRY_CODE"/>
<USER_DEFINED parameter="LAUNCH_DATE"/>
<USER_DEFINED parameter="SITE"/>
<USER_DEFINED parameter="DECAY_DATE">1959-10-23</USER_DEFINED>
<USER_DEFINED parameter="FILE">33905</USER_DEFINED>
<USER_DEFINED parameter="GP_ID">8671482</USER_DEFINED>
</userDefinedParameters>
</data>
</segment>
</body>
</omm>
</ndm>
