<ndm xsi:noNamespaceSchemaLocation="https://sanaregistry.org/r/ndmxml_unqualified/ndmxml-3.0.0-master-3.0.xsd">
<omm id="CCSDS_OMM_VERS" version="3.0">
<header>
<COMMENT>GENERATED VIA SPACE-TRACK.ORG API</COMMENT>
<CREATION_DATE>2025-04-06T02:24:40</CREATION_DATE>
<ORIGINATOR>18 SPCS</ORIGINATOR>
</header>
<body>
<segment>
<metadata>
<OBJECT_NAME>ISS DEB</OBJECT_NAME>
<OBJECT_ID>1998-067XG</OBJECT_ID>
<CENTER_NAME>EARTH</CENTER_NAME>
<REF_FRAME>TEME</REF_FRAME>
<TIME_SYSTEM>UTC</TIME_SYSTEM>
<MEAN_ELEMENT_THEORY>SGP4</MEAN_ELEMENT_THEORY>
</metadata>
<data>
<meanElements>
<EPOCH>2025-04-05T18:57:57.056544</EPOCH>
<MEAN_MOTION>16.23766836</MEAN_MOTION>
<ECCENTRICITY>0.00106470</ECCENTRICITY>
<INCLINATION>51.6124</INCLINATION>
<RA_OF_ASC_NODE>290.5973</RA_OF_ASC_NODE>
<ARG_OF_PERICENTER>277.8505</ARG_OF_PERICENTER>
<MEAN_ANOMALY>82.1305</MEAN_ANOMALY>
</meanElements>
<tleParameters>
<EPHEMERIS_TYPE>0</EPHEMERIS_TYPE>
<CLASSIFICATION_TYPE>U</CLASSIFICATION_TYPE>
<NORAD_CAT_ID>62376</NORAD_CAT_ID>
<ELEMENT_SET_NO>999</ELEMENT_SET_NO>
<REV_AT_EPOCH>1680</REV_AT_EPOCH>
<BSTAR>0.00174680000000</BSTAR>
<MEAN_MOTION_DOT>0.04776885</MEAN_MOTION_DOT>
<MEAN_MOTION_DDOT>0.0000119540000</MEAN_MOTION_DDOT>
</tleParameters>
<userDefinedParameters>
<USER_DEFINED parameter="SEMIMAJOR_AXIS">6587.481</USER_DEFINED>
<USER_DEFINED parameter="PERIOD">88.683</USER_DEFINED>
<USER_DEFINED parameter="APOAPSIS">216.360</USER_DEFINED>
<USER_DEFINED parameter="PERIAPSIS">202.333</USER_DEFINED>
<USER_DEFINED parameter="OBJECT_TYPE">DEBRIS</USER_DEFINED>
<USER_DEFINED parameter="RCS_SIZE">MEDIUM</USER_DEFINED>
<USER_DEFINED parameter="COUNTRY_CODE">CIS</USER_DEFINED>
<USER_DEFINED parameter="LAUNCH_DATE">1998-11-20</USER_DEFINED>
<USER_DEFINED parameter="SITE">TTMTR</USER_DEFINED>
<USER_DEFINED parameter="DECAY_DATE">2025-04-10</USER_DEFINED>
<USER_DEFINED parameter="FILE">4691967</USER_DEFINED>
<USER_DEFINED parameter="GP_ID">284946920</USER_DEFINED>
</userDefinedParameters>
</data>
</segment>
</body>
</omm>
</ndm>
