<ndm xsi:noNamespaceSchemaLocation="https://sanaregistry.org/r/ndmxml_unqualified/ndmxml-3.0.0-master-3.0.xsd">
<omm id="CCSDS_OMM_VERS" version="3.0">
<header>
<COMMENT>GENERATED VIA SPACE-TRACK.ORG API</COMMENT>
<CREATION_DATE>2025-06-01T17:42:04</CREATION_DATE>
<ORIGINATOR>18 SPCS</ORIGINATOR>
</header>
<body>
<segment>
<metadata>
<OBJECT_NAME>JIELONG 3 DEB</OBJECT_NAME>
<OBJECT_ID>2025-007A</OBJECT_ID>
<CENTER_NAME>EARTH</CENTER_NAME>
<REF_FRAME>TEME</REF_FRAME>
<TIME_SYSTEM>UTC</TIME_SYSTEM>
<MEAN_ELEMENT_THEORY>SGP4</MEAN_ELEMENT_THEORY>
</metadata>
<data>
<meanElements>
<EPOCH>2025-06-01T14:41:07.465344</EPOCH>
<MEAN_MOTION>14.75012671</MEAN_MOTION>
<ECCENTRICITY>0.00112490</ECCENTRICITY>
<INCLINATION>54.9842</INCLINATION>
<RA_OF_ASC_NODE>279.5360</RA_OF_ASC_NODE>
<ARG_OF_PERICENTER>212.9073</ARG_OF_PERICENTER>
<MEAN_ANOMALY>147.1227</MEAN_ANOMALY>
</meanElements>
<tleParameters>
<EPHEMERIS_TYPE>0</EPHEMERIS_TYPE>
<CLASSIFICATION_TYPE>U</CLASSIFICATION_TYPE>
<NORAD_CAT_ID>62575</NORAD_CAT_ID>
<ELEMENT_SET_NO>999</ELEMENT_SET_NO>
<REV_AT_EPOCH>2058</REV_AT_EPOCH>
<BSTAR>0.00066564000000</BSTAR>
<MEAN_MOTION_DOT>0.00004311</MEAN_MOTION_DOT>
<MEAN_MOTION_DDOT>0.0000000000000</MEAN_MOTION_DDOT>
</tleParameters>
<userDefinedParameters>
<USER_DEFINED parameter="SEMIMAJOR_AXIS">7023.248</USER_DEFINED>
<USER_DEFINED parameter="PERIOD">97.626</USER_DEFINED>
<USER_DEFINED parameter="APOAPSIS">653.014</USER_DEFINED>
<USER_DEFINED parameter="PERIAPSIS">637.213</USER_DEFINED>
<USER_DEFINED parameter="OBJECT_TYPE">DEBRIS</USER_DEFINED>
<USER_DEFINED parameter="RCS_SIZE">MEDIUM</USER_DEFINED>
<USER_DEFINED parameter="COUNTRY_CODE">PRC</USER_DEFINED>
<USER_DEFINED parameter="LAUNCH_DATE">2025-01-13</USER_DEFINED>
<USER_DEFINED parameter="SITE">YSLA</USER_DEFINED>
<USER_DEFINED parameter="DECAY_DATE"/>
<USER_DEFINED parameter="FILE">4744985</USER_DEFINED>
<USER_DEFINED parameter="GP_ID">288933301</USER_DEFINED>
</userDefinedParameters>
</data>
</segment>
</body>
</omm>
</ndm>
