<?xml version="1.0" encoding="utf-8"?>
<ndm xmlns:xsi="http://www.w3.org/2001/XMLSchema-instance" xsi:noNamespaceSchemaLocation="https://sanaregistry.org/r/ndmxml_unqualified/ndmxml-3.0.0-master-3.0.xsd"><omm id="CCSDS_OMM_VERS" version="3.0"><header><COMMENT>GENERATED VIA SPACE-TRACK.ORG API</COMMENT><CREATION_DATE>2004-08-17T14:36:51</CREATION_DATE><ORIGINATOR>18 SPCS</ORIGINATOR></header><body><segment><metadata><OBJECT_NAME>JUNO II R/B</OBJECT_NAME><OBJECT_ID>1959-009B</OBJECT_ID><CENTER_NAME>EARTH</CENTER_NAME><REF_FRAME>TEME</REF_FRAME><TIME_SYSTEM>UTC</TIME_SYSTEM><MEAN_ELEMENT_THEORY>SGP4</MEAN_ELEMENT_THEORY></metadata><data><meanElements><EPOCH>1989-07-14T18:51:46.968192</EPOCH><MEAN_MOTION>16.13561323</MEAN_MOTION><ECCENTRICITY>0.00183430</ECCENTRICITY><INCLINATION>50.2674</INCLINATION><RA_OF_ASC_NODE>226.9734</RA_OF_ASC_NODE><ARG_OF_PERICENTER>32.5712</ARG_OF_PERICENTER><MEAN_ANOMALY>327.5638</MEAN_ANOMALY></meanElements><tleParameters><EPHEMERIS_TYPE>0</EPHEMERIS_TYPE><CLASSIFICATION_TYPE>U</CLASSIFICATION_TYPE><NORAD_CAT_ID>23</NORAD_CAT_ID><ELEMENT_SET_NO>999</ELEMENT_SET_NO><REV_AT_EPOCH>58050</REV_AT_EPOCH><BSTAR>0.00300650000000</BSTAR><MEAN_MOTION_DOT>0.02731772</MEAN_MOTION_DOT><MEAN_MOTION_DDOT>0.0196370000000</MEAN_MOTION_DDOT></tleParameters><userDefinedParameters><USER_DEFINED parameter="SEMIMAJOR_AXIS">6615.232</USER_DEFINED><USER_DEFINED parameter="PERIOD">89.243</USER_DEFINED><USER_DEFINED parameter="APOAPSIS">249.232</USER_DEFINED><USER_DEFINED parameter="PERIAPSIS">224.963</USER_DEFINED><USER_DEFINED parameter="OBJECT_TYPE">ROCKET BODY</USER_DEFINED><USER_DEFINED parameter="RCS_SIZE">MEDIUM</USER_DEFINED><USER_DEFINED parameter="COUNTRY_CODE">US</USER_DEFINED><USER_DEFINED parameter="LAUNCH_DATE">1959-10-13</USER_DEFINED><USER_DEFINED parameter="SITE">AFETR</USER_DEFINED><USER_DEFINED parameter="DECAY_DATE">1989-07-16</USER_DEFINED><USER_DEFINED parameter="FILE">34586</USER_DEFINED><USER_DEFINED parameter="GP_ID">16282820</USER_DEFINED></userDefinedParameters></data></segment></body></omm></ndm>
