<?xml version="1.0" encoding="utf-8"?>
<ndm xmlns:xsi="http://www.w3.org/2001/XMLSchema-instance" xsi:noNamespaceSchemaLocation="https://sanaregistry.org/r/ndmxml_unqualified/ndmxml-3.0.0-master-3.0.xsd"><omm id="CCSDS_OMM_VERS" version="3.0"><header><COMMENT>GENERATED VIA SPACE-TRACK.ORG API</COMMENT><CREATION_DATE>2025-08-24T02:08:44</CREATION_DATE><ORIGINATOR>18 SPCS</ORIGINATOR></header><body><segment><metadata><OBJECT_NAME>KUIPER-00115</OBJECT_NAME><OBJECT_ID>2025-171W</OBJECT_ID><CENTER_NAME>EARTH</CENTER_NAME><REF_FRAME>TEME</REF_FRAME><TIME_SYSTEM>UTC</TIME_SYSTEM><MEAN_ELEMENT_THEORY>SGP4</MEAN_ELEMENT_THEORY></metadata><data><meanElements><EPOCH>2025-08-23T21:16:19.108992</EPOCH><MEAN_MOTION>15.35520525</MEAN_MOTION><ECCENTRICITY>0.00057229</ECCENTRICITY><INCLINATION>51.8784</INCLINATION><RA_OF_ASC_NODE>345.0586</RA_OF_ASC_NODE><ARG_OF_PERICENTER>170.5459</ARG_OF_PERICENTER><MEAN_ANOMALY>189.5635</MEAN_ANOMALY></meanElements><tleParameters><EPHEMERIS_TYPE>0</EPHEMERIS_TYPE><CLASSIFICATION_TYPE>U</CLASSIFICATION_TYPE><NORAD_CAT_ID>65152</NORAD_CAT_ID><ELEMENT_SET_NO>999</ELEMENT_SET_NO><REV_AT_EPOCH>314</REV_AT_EPOCH><BSTAR>0.00055991148000</BSTAR><MEAN_MOTION_DOT>0.00019299</MEAN_MOTION_DOT><MEAN_MOTION_DDOT>0.0000000000000</MEAN_MOTION_DDOT></tleParameters><userDefinedParameters><USER_DEFINED parameter="SEMIMAJOR_AXIS">6837.512</USER_DEFINED><USER_DEFINED parameter="PERIOD">93.779</USER_DEFINED><USER_DEFINED parameter="APOAPSIS">463.290</USER_DEFINED><USER_DEFINED parameter="PERIAPSIS">455.464</USER_DEFINED><USER_DEFINED parameter="OBJECT_TYPE">PAYLOAD</USER_DEFINED><USER_DEFINED parameter="RCS_SIZE">LARGE</USER_DEFINED><USER_DEFINED parameter="COUNTRY_CODE">US</USER_DEFINED><USER_DEFINED parameter="LAUNCH_DATE">2025-08-11</USER_DEFINED><USER_DEFINED parameter="SITE">AFETR</USER_DEFINED><USER_DEFINED parameter="DECAY_DATE"/><USER_DEFINED parameter="FILE">4820264</USER_DEFINED><USER_DEFINED parameter="GP_ID">295878630</USER_DEFINED></userDefinedParameters></data></segment></body></omm></ndm>
