<?xml version="1.0" encoding="utf-8"?>
<ndm xmlns:xsi="http://www.w3.org/2001/XMLSchema-instance" xsi:noNamespaceSchemaLocation="https://sanaregistry.org/r/ndmxml_unqualified/ndmxml-3.0.0-master-3.0.xsd"><omm id="CCSDS_OMM_VERS" version="3.0"><header><COMMENT>GENERATED VIA SPACE-TRACK.ORG API</COMMENT><CREATION_DATE>2024-12-06T20:25:00</CREATION_DATE><ORIGINATOR>18 SPCS</ORIGINATOR></header><body><segment><metadata><OBJECT_NAME>QAEM 100 DEB</OBJECT_NAME><OBJECT_ID>2024-165C</OBJECT_ID><CENTER_NAME>EARTH</CENTER_NAME><REF_FRAME>TEME</REF_FRAME><TIME_SYSTEM>UTC</TIME_SYSTEM><MEAN_ELEMENT_THEORY>SGP4</MEAN_ELEMENT_THEORY></metadata><data><meanElements><EPOCH>2024-12-06T07:38:00.424608</EPOCH><MEAN_MOTION>16.03767282</MEAN_MOTION><ECCENTRICITY>0.00183450</ECCENTRICITY><INCLINATION>64.0774</INCLINATION><RA_OF_ASC_NODE>59.0800</RA_OF_ASC_NODE><ARG_OF_PERICENTER>357.9111</ARG_OF_PERICENTER><MEAN_ANOMALY>2.1970</MEAN_ANOMALY></meanElements><tleParameters><EPHEMERIS_TYPE>0</EPHEMERIS_TYPE><CLASSIFICATION_TYPE>U</CLASSIFICATION_TYPE><NORAD_CAT_ID>61181</NORAD_CAT_ID><ELEMENT_SET_NO>999</ELEMENT_SET_NO><REV_AT_EPOCH>1241</REV_AT_EPOCH><BSTAR>0.01508800000000</BSTAR><MEAN_MOTION_DOT>0.07126369</MEAN_MOTION_DOT><MEAN_MOTION_DDOT>0.1131500000000</MEAN_MOTION_DDOT></tleParameters><userDefinedParameters><USER_DEFINED parameter="SEMIMAJOR_AXIS">6642.134</USER_DEFINED><USER_DEFINED parameter="PERIOD">89.789</USER_DEFINED><USER_DEFINED parameter="APOAPSIS">276.184</USER_DEFINED><USER_DEFINED parameter="PERIAPSIS">251.814</USER_DEFINED><USER_DEFINED parameter="OBJECT_TYPE">DEBRIS</USER_DEFINED><USER_DEFINED parameter="RCS_SIZE">SMALL</USER_DEFINED><USER_DEFINED parameter="COUNTRY_CODE">IRAN</USER_DEFINED><USER_DEFINED parameter="LAUNCH_DATE">2024-09-14</USER_DEFINED><USER_DEFINED parameter="SITE">SMTS</USER_DEFINED><USER_DEFINED parameter="DECAY_DATE">2024-12-10</USER_DEFINED><USER_DEFINED parameter="FILE">4573522</USER_DEFINED><USER_DEFINED parameter="GP_ID">274966167</USER_DEFINED></userDefinedParameters></data></segment></body></omm></ndm>
