<?xml version="1.0" encoding="utf-8"?>
<ndm xmlns:xsi="http://www.w3.org/2001/XMLSchema-instance" xsi:noNamespaceSchemaLocation="https://sanaregistry.org/r/ndmxml_unqualified/ndmxml-3.0.0-master-3.0.xsd"><omm id="CCSDS_OMM_VERS" version="3.0"><header><COMMENT>GENERATED VIA SPACE-TRACK.ORG API</COMMENT><CREATION_DATE>2024-07-09T06:36:18</CREATION_DATE><ORIGINATOR>18 SPCS</ORIGINATOR></header><body><segment><metadata><OBJECT_NAME>RESURS P1 DEB</OBJECT_NAME><OBJECT_ID>2013-030V</OBJECT_ID><CENTER_NAME>EARTH</CENTER_NAME><REF_FRAME>TEME</REF_FRAME><TIME_SYSTEM>UTC</TIME_SYSTEM><MEAN_ELEMENT_THEORY>SGP4</MEAN_ELEMENT_THEORY></metadata><data><meanElements><EPOCH>2024-07-03T20:05:02.058432</EPOCH><MEAN_MOTION>16.07427598</MEAN_MOTION><ECCENTRICITY>0.00143860</ECCENTRICITY><INCLINATION>97.0085</INCLINATION><RA_OF_ASC_NODE>236.1062</RA_OF_ASC_NODE><ARG_OF_PERICENTER>293.6616</ARG_OF_PERICENTER><MEAN_ANOMALY>66.3157</MEAN_ANOMALY></meanElements><tleParameters><EPHEMERIS_TYPE>0</EPHEMERIS_TYPE><CLASSIFICATION_TYPE>U</CLASSIFICATION_TYPE><NORAD_CAT_ID>60231</NORAD_CAT_ID><ELEMENT_SET_NO>999</ELEMENT_SET_NO><REV_AT_EPOCH>39</REV_AT_EPOCH><BSTAR>0.01275500000000</BSTAR><MEAN_MOTION_DOT>0.06619602</MEAN_MOTION_DOT><MEAN_MOTION_DDOT>0.1372400000000</MEAN_MOTION_DDOT></tleParameters><userDefinedParameters><USER_DEFINED parameter="SEMIMAJOR_AXIS">6632.046</USER_DEFINED><USER_DEFINED parameter="PERIOD">89.584</USER_DEFINED><USER_DEFINED parameter="APOAPSIS">263.452</USER_DEFINED><USER_DEFINED parameter="PERIAPSIS">244.371</USER_DEFINED><USER_DEFINED parameter="OBJECT_TYPE">DEBRIS</USER_DEFINED><USER_DEFINED parameter="RCS_SIZE"/><USER_DEFINED parameter="COUNTRY_CODE"/><USER_DEFINED parameter="LAUNCH_DATE"/><USER_DEFINED parameter="SITE"/><USER_DEFINED parameter="DECAY_DATE">2024-07-04</USER_DEFINED><USER_DEFINED parameter="FILE">4368526</USER_DEFINED><USER_DEFINED parameter="GP_ID">261472062</USER_DEFINED></userDefinedParameters></data></segment></body></omm></ndm>
