<?xml version="1.0" encoding="utf-8"?>
<ndm xmlns:xsi="http://www.w3.org/2001/XMLSchema-instance" xsi:noNamespaceSchemaLocation="https://sanaregistry.org/r/ndmxml_unqualified/ndmxml-3.0.0-master-3.0.xsd"><omm id="CCSDS_OMM_VERS" version="3.0"><header><COMMENT>GENERATED VIA SPACE-TRACK.ORG API</COMMENT><CREATION_DATE>2004-08-15T23:38:59</CREATION_DATE><ORIGINATOR>18 SPCS</ORIGINATOR></header><body><segment><metadata><OBJECT_NAME>SAMOS 2</OBJECT_NAME><OBJECT_ID>1961-001A</OBJECT_ID><CENTER_NAME>EARTH</CENTER_NAME><REF_FRAME>TEME</REF_FRAME><TIME_SYSTEM>UTC</TIME_SYSTEM><MEAN_ELEMENT_THEORY>SGP4</MEAN_ELEMENT_THEORY></metadata><data><meanElements><EPOCH>1973-10-19T22:11:36.165696</EPOCH><MEAN_MOTION>16.34625053</MEAN_MOTION><ECCENTRICITY>0.00073330</ECCENTRICITY><INCLINATION>97.2180</INCLINATION><RA_OF_ASC_NODE>59.4674</RA_OF_ASC_NODE><ARG_OF_PERICENTER>251.3728</ARG_OF_PERICENTER><MEAN_ANOMALY>108.6719</MEAN_ANOMALY></meanElements><tleParameters><EPHEMERIS_TYPE>0</EPHEMERIS_TYPE><CLASSIFICATION_TYPE>U</CLASSIFICATION_TYPE><NORAD_CAT_ID>70</NORAD_CAT_ID><ELEMENT_SET_NO>999</ELEMENT_SET_NO><REV_AT_EPOCH>71186</REV_AT_EPOCH><BSTAR>0.00000000000000</BSTAR><MEAN_MOTION_DOT>0.01443247</MEAN_MOTION_DOT><MEAN_MOTION_DDOT>0.0004320000000</MEAN_MOTION_DDOT></tleParameters><userDefinedParameters><USER_DEFINED parameter="SEMIMAJOR_AXIS">6558.280</USER_DEFINED><USER_DEFINED parameter="PERIOD">88.093</USER_DEFINED><USER_DEFINED parameter="APOAPSIS">184.955</USER_DEFINED><USER_DEFINED parameter="PERIAPSIS">175.336</USER_DEFINED><USER_DEFINED parameter="OBJECT_TYPE">PAYLOAD</USER_DEFINED><USER_DEFINED parameter="RCS_SIZE"/><USER_DEFINED parameter="COUNTRY_CODE"/><USER_DEFINED parameter="LAUNCH_DATE"/><USER_DEFINED parameter="SITE"/><USER_DEFINED parameter="DECAY_DATE">1973-10-21</USER_DEFINED><USER_DEFINED parameter="FILE">33978</USER_DEFINED><USER_DEFINED parameter="GP_ID">9049495</USER_DEFINED></userDefinedParameters></data></segment></body></omm></ndm>
