<?xml version="1.0" encoding="utf-8"?>
<ndm xmlns:xsi="http://www.w3.org/2001/XMLSchema-instance" xsi:noNamespaceSchemaLocation="https://sanaregistry.org/r/ndmxml_unqualified/ndmxml-3.0.0-master-3.0.xsd"><omm id="CCSDS_OMM_VERS" version="3.0"><header><COMMENT>GENERATED VIA SPACE-TRACK.ORG API</COMMENT><CREATION_DATE>2024-10-18T20:48:55</CREATION_DATE><ORIGINATOR>18 SPCS</ORIGINATOR></header><body><segment><metadata><OBJECT_NAME>SJ-19 DEB</OBJECT_NAME><OBJECT_ID>2024-177C</OBJECT_ID><CENTER_NAME>EARTH</CENTER_NAME><REF_FRAME>TEME</REF_FRAME><TIME_SYSTEM>UTC</TIME_SYSTEM><MEAN_ELEMENT_THEORY>SGP4</MEAN_ELEMENT_THEORY></metadata><data><meanElements><EPOCH>2024-10-18T07:35:55.280256</EPOCH><MEAN_MOTION>16.09404383</MEAN_MOTION><ECCENTRICITY>0.00120630</ECCENTRICITY><INCLINATION>41.5930</INCLINATION><RA_OF_ASC_NODE>28.7319</RA_OF_ASC_NODE><ARG_OF_PERICENTER>32.1081</ARG_OF_PERICENTER><MEAN_ANOMALY>328.0510</MEAN_ANOMALY></meanElements><tleParameters><EPHEMERIS_TYPE>0</EPHEMERIS_TYPE><CLASSIFICATION_TYPE>U</CLASSIFICATION_TYPE><NORAD_CAT_ID>61505</NORAD_CAT_ID><ELEMENT_SET_NO>999</ELEMENT_SET_NO><REV_AT_EPOCH>110</REV_AT_EPOCH><BSTAR>0.00640470000000</BSTAR><MEAN_MOTION_DOT>0.04774915</MEAN_MOTION_DOT><MEAN_MOTION_DDOT>0.0427590000000</MEAN_MOTION_DDOT></tleParameters><userDefinedParameters><USER_DEFINED parameter="SEMIMAJOR_AXIS">6626.615</USER_DEFINED><USER_DEFINED parameter="PERIOD">89.474</USER_DEFINED><USER_DEFINED parameter="APOAPSIS">256.473</USER_DEFINED><USER_DEFINED parameter="PERIAPSIS">240.486</USER_DEFINED><USER_DEFINED parameter="OBJECT_TYPE">DEBRIS</USER_DEFINED><USER_DEFINED parameter="RCS_SIZE">SMALL</USER_DEFINED><USER_DEFINED parameter="COUNTRY_CODE">PRC</USER_DEFINED><USER_DEFINED parameter="LAUNCH_DATE">2024-09-27</USER_DEFINED><USER_DEFINED parameter="SITE">JSC</USER_DEFINED><USER_DEFINED parameter="DECAY_DATE">2024-10-19</USER_DEFINED><USER_DEFINED parameter="FILE">4528056</USER_DEFINED><USER_DEFINED parameter="GP_ID">270938761</USER_DEFINED></userDefinedParameters></data></segment></body></omm></ndm>
