<ndm xsi:noNamespaceSchemaLocation="https://sanaregistry.org/r/ndmxml_unqualified/ndmxml-3.0.0-master-3.0.xsd">
<omm id="CCSDS_OMM_VERS" version="3.0">
<header>
<COMMENT>GENERATED VIA SPACE-TRACK.ORG API</COMMENT>
<CREATION_DATE>2025-06-01T17:42:04</CREATION_DATE>
<ORIGINATOR>18 SPCS</ORIGINATOR>
</header>
<body>
<segment>
<metadata>
<OBJECT_NAME>SPACEMOBILE-SSR01 DEB</OBJECT_NAME>
<OBJECT_ID>2024-163F</OBJECT_ID>
<CENTER_NAME>EARTH</CENTER_NAME>
<REF_FRAME>TEME</REF_FRAME>
<TIME_SYSTEM>UTC</TIME_SYSTEM>
<MEAN_ELEMENT_THEORY>SGP4</MEAN_ELEMENT_THEORY>
</metadata>
<data>
<meanElements>
<EPOCH>2025-06-01T14:21:36.112896</EPOCH>
<MEAN_MOTION>15.26313362</MEAN_MOTION>
<ECCENTRICITY>0.00105020</ECCENTRICITY>
<INCLINATION>52.9985</INCLINATION>
<RA_OF_ASC_NODE>254.3654</RA_OF_ASC_NODE>
<ARG_OF_PERICENTER>54.9434</ARG_OF_PERICENTER>
<MEAN_ANOMALY>305.2547</MEAN_ANOMALY>
</meanElements>
<tleParameters>
<EPHEMERIS_TYPE>0</EPHEMERIS_TYPE>
<CLASSIFICATION_TYPE>U</CLASSIFICATION_TYPE>
<NORAD_CAT_ID>62369</NORAD_CAT_ID>
<ELEMENT_SET_NO>999</ELEMENT_SET_NO>
<REV_AT_EPOCH>2822</REV_AT_EPOCH>
<BSTAR>0.00078419000000</BSTAR>
<MEAN_MOTION_DOT>0.00020364</MEAN_MOTION_DOT>
<MEAN_MOTION_DDOT>0.0000000000000</MEAN_MOTION_DDOT>
</tleParameters>
<userDefinedParameters>
<USER_DEFINED parameter="SEMIMAJOR_AXIS">6864.981</USER_DEFINED>
<USER_DEFINED parameter="PERIOD">94.345</USER_DEFINED>
<USER_DEFINED parameter="APOAPSIS">494.056</USER_DEFINED>
<USER_DEFINED parameter="PERIAPSIS">479.637</USER_DEFINED>
<USER_DEFINED parameter="OBJECT_TYPE">DEBRIS</USER_DEFINED>
<USER_DEFINED parameter="RCS_SIZE">LARGE</USER_DEFINED>
<USER_DEFINED parameter="COUNTRY_CODE">US</USER_DEFINED>
<USER_DEFINED parameter="LAUNCH_DATE">2024-09-12</USER_DEFINED>
<USER_DEFINED parameter="SITE">AFETR</USER_DEFINED>
<USER_DEFINED parameter="DECAY_DATE"/>
<USER_DEFINED parameter="FILE">4744985</USER_DEFINED>
<USER_DEFINED parameter="GP_ID">288933212</USER_DEFINED>
</userDefinedParameters>
</data>
</segment>
</body>
</omm>
</ndm>
