<ndm xsi:noNamespaceSchemaLocation="https://sanaregistry.org/r/ndmxml_unqualified/ndmxml-3.0.0-master-3.0.xsd">
<omm id="CCSDS_OMM_VERS" version="3.0">
<header>
<COMMENT>GENERATED VIA SPACE-TRACK.ORG API</COMMENT>
<CREATION_DATE>2025-06-01T17:42:04</CREATION_DATE>
<ORIGINATOR>18 SPCS</ORIGINATOR>
</header>
<body>
<segment>
<metadata>
<OBJECT_NAME>SPACEMOBILE-SSR02 DEB</OBJECT_NAME>
<OBJECT_ID>2024-163G</OBJECT_ID>
<CENTER_NAME>EARTH</CENTER_NAME>
<REF_FRAME>TEME</REF_FRAME>
<TIME_SYSTEM>UTC</TIME_SYSTEM>
<MEAN_ELEMENT_THEORY>SGP4</MEAN_ELEMENT_THEORY>
</metadata>
<data>
<meanElements>
<EPOCH>2025-06-01T14:18:27.953568</EPOCH>
<MEAN_MOTION>15.27338030</MEAN_MOTION>
<ECCENTRICITY>0.00108260</ECCENTRICITY>
<INCLINATION>52.9485</INCLINATION>
<RA_OF_ASC_NODE>253.0702</RA_OF_ASC_NODE>
<ARG_OF_PERICENTER>62.1203</ARG_OF_PERICENTER>
<MEAN_ANOMALY>298.0889</MEAN_ANOMALY>
</meanElements>
<tleParameters>
<EPHEMERIS_TYPE>0</EPHEMERIS_TYPE>
<CLASSIFICATION_TYPE>U</CLASSIFICATION_TYPE>
<NORAD_CAT_ID>62370</NORAD_CAT_ID>
<ELEMENT_SET_NO>999</ELEMENT_SET_NO>
<REV_AT_EPOCH>3993</REV_AT_EPOCH>
<BSTAR>0.00129870000000</BSTAR>
<MEAN_MOTION_DOT>0.00035107</MEAN_MOTION_DOT>
<MEAN_MOTION_DDOT>0.0000000000000</MEAN_MOTION_DDOT>
</tleParameters>
<userDefinedParameters>
<USER_DEFINED parameter="SEMIMAJOR_AXIS">6861.911</USER_DEFINED>
<USER_DEFINED parameter="PERIOD">94.282</USER_DEFINED>
<USER_DEFINED parameter="APOAPSIS">491.204</USER_DEFINED>
<USER_DEFINED parameter="PERIAPSIS">476.347</USER_DEFINED>
<USER_DEFINED parameter="OBJECT_TYPE">DEBRIS</USER_DEFINED>
<USER_DEFINED parameter="RCS_SIZE">LARGE</USER_DEFINED>
<USER_DEFINED parameter="COUNTRY_CODE">US</USER_DEFINED>
<USER_DEFINED parameter="LAUNCH_DATE">2024-09-12</USER_DEFINED>
<USER_DEFINED parameter="SITE">AFETR</USER_DEFINED>
<USER_DEFINED parameter="DECAY_DATE"/>
<USER_DEFINED parameter="FILE">4744985</USER_DEFINED>
<USER_DEFINED parameter="GP_ID">288933713</USER_DEFINED>
</userDefinedParameters>
</data>
</segment>
</body>
</omm>
</ndm>
