<ndm xsi:noNamespaceSchemaLocation="https://sanaregistry.org/r/ndmxml_unqualified/ndmxml-3.0.0-master-3.0.xsd">
<omm id="CCSDS_OMM_VERS" version="3.0">
<header>
<COMMENT>GENERATED VIA SPACE-TRACK.ORG API</COMMENT>
<CREATION_DATE>2025-06-01T14:26:20</CREATION_DATE>
<ORIGINATOR>18 SPCS</ORIGINATOR>
</header>
<body>
<segment>
<metadata>
<OBJECT_NAME>SPACEMOBILE-SSR03 DEB</OBJECT_NAME>
<OBJECT_ID>2024-163H</OBJECT_ID>
<CENTER_NAME>EARTH</CENTER_NAME>
<REF_FRAME>TEME</REF_FRAME>
<TIME_SYSTEM>UTC</TIME_SYSTEM>
<MEAN_ELEMENT_THEORY>SGP4</MEAN_ELEMENT_THEORY>
</metadata>
<data>
<meanElements>
<EPOCH>2025-06-01T12:31:38.567424</EPOCH>
<MEAN_MOTION>15.26782262</MEAN_MOTION>
<ECCENTRICITY>0.00114720</ECCENTRICITY>
<INCLINATION>52.9738</INCLINATION>
<RA_OF_ASC_NODE>255.0638</RA_OF_ASC_NODE>
<ARG_OF_PERICENTER>35.6800</ARG_OF_PERICENTER>
<MEAN_ANOMALY>324.4962</MEAN_ANOMALY>
</meanElements>
<tleParameters>
<EPHEMERIS_TYPE>0</EPHEMERIS_TYPE>
<CLASSIFICATION_TYPE>U</CLASSIFICATION_TYPE>
<NORAD_CAT_ID>62371</NORAD_CAT_ID>
<ELEMENT_SET_NO>999</ELEMENT_SET_NO>
<REV_AT_EPOCH>3349</REV_AT_EPOCH>
<BSTAR>0.00112480000000</BSTAR>
<MEAN_MOTION_DOT>0.00029831</MEAN_MOTION_DOT>
<MEAN_MOTION_DDOT>0.0000000000000</MEAN_MOTION_DDOT>
</tleParameters>
<userDefinedParameters>
<USER_DEFINED parameter="SEMIMAJOR_AXIS">6863.576</USER_DEFINED>
<USER_DEFINED parameter="PERIOD">94.316</USER_DEFINED>
<USER_DEFINED parameter="APOAPSIS">493.315</USER_DEFINED>
<USER_DEFINED parameter="PERIAPSIS">477.567</USER_DEFINED>
<USER_DEFINED parameter="OBJECT_TYPE">DEBRIS</USER_DEFINED>
<USER_DEFINED parameter="RCS_SIZE">LARGE</USER_DEFINED>
<USER_DEFINED parameter="COUNTRY_CODE">US</USER_DEFINED>
<USER_DEFINED parameter="LAUNCH_DATE">2024-09-12</USER_DEFINED>
<USER_DEFINED parameter="SITE">AFETR</USER_DEFINED>
<USER_DEFINED parameter="DECAY_DATE"/>
<USER_DEFINED parameter="FILE">4744640</USER_DEFINED>
<USER_DEFINED parameter="GP_ID">288896924</USER_DEFINED>
</userDefinedParameters>
</data>
</segment>
</body>
</omm>
</ndm>
