<ndm xsi:noNamespaceSchemaLocation="https://sanaregistry.org/r/ndmxml_unqualified/ndmxml-3.0.0-master-3.0.xsd">
<omm id="CCSDS_OMM_VERS" version="3.0">
<header>
<COMMENT>GENERATED VIA SPACE-TRACK.ORG API</COMMENT>
<CREATION_DATE>2025-06-01T14:36:19</CREATION_DATE>
<ORIGINATOR>18 SPCS</ORIGINATOR>
</header>
<body>
<segment>
<metadata>
<OBJECT_NAME>SPHEREX DEB</OBJECT_NAME>
<OBJECT_ID>2025-047F</OBJECT_ID>
<CENTER_NAME>EARTH</CENTER_NAME>
<REF_FRAME>TEME</REF_FRAME>
<TIME_SYSTEM>UTC</TIME_SYSTEM>
<MEAN_ELEMENT_THEORY>SGP4</MEAN_ELEMENT_THEORY>
</metadata>
<data>
<meanElements>
<EPOCH>2025-06-01T12:09:07.111584</EPOCH>
<MEAN_MOTION>14.74686516</MEAN_MOTION>
<ECCENTRICITY>0.00072480</ECCENTRICITY>
<INCLINATION>97.9559</INCLINATION>
<RA_OF_ASC_NODE>339.8628</RA_OF_ASC_NODE>
<ARG_OF_PERICENTER>328.3412</ARG_OF_PERICENTER>
<MEAN_ANOMALY>31.7360</MEAN_ANOMALY>
</meanElements>
<tleParameters>
<EPHEMERIS_TYPE>0</EPHEMERIS_TYPE>
<CLASSIFICATION_TYPE>U</CLASSIFICATION_TYPE>
<NORAD_CAT_ID>63332</NORAD_CAT_ID>
<ELEMENT_SET_NO>999</ELEMENT_SET_NO>
<REV_AT_EPOCH>1088</REV_AT_EPOCH>
<BSTAR>0.00345980000000</BSTAR>
<MEAN_MOTION_DOT>0.00023135</MEAN_MOTION_DOT>
<MEAN_MOTION_DDOT>0.0000000000000</MEAN_MOTION_DDOT>
</tleParameters>
<userDefinedParameters>
<USER_DEFINED parameter="SEMIMAJOR_AXIS">7024.284</USER_DEFINED>
<USER_DEFINED parameter="PERIOD">97.648</USER_DEFINED>
<USER_DEFINED parameter="APOAPSIS">651.240</USER_DEFINED>
<USER_DEFINED parameter="PERIAPSIS">641.057</USER_DEFINED>
<USER_DEFINED parameter="OBJECT_TYPE">DEBRIS</USER_DEFINED>
<USER_DEFINED parameter="RCS_SIZE">SMALL</USER_DEFINED>
<USER_DEFINED parameter="COUNTRY_CODE">US</USER_DEFINED>
<USER_DEFINED parameter="LAUNCH_DATE">2025-03-12</USER_DEFINED>
<USER_DEFINED parameter="SITE">AFWTR</USER_DEFINED>
<USER_DEFINED parameter="DECAY_DATE"/>
<USER_DEFINED parameter="FILE">4744708</USER_DEFINED>
<USER_DEFINED parameter="GP_ID">288898263</USER_DEFINED>
</userDefinedParameters>
</data>
</segment>
</body>
</omm>
</ndm>
