<?xml version="1.0" encoding="utf-8"?>
<ndm xmlns:xsi="http://www.w3.org/2001/XMLSchema-instance" xsi:noNamespaceSchemaLocation="https://sanaregistry.org/r/ndmxml_unqualified/ndmxml-3.0.0-master-3.0.xsd"><omm id="CCSDS_OMM_VERS" version="3.0"><header><COMMENT>GENERATED VIA SPACE-TRACK.ORG API</COMMENT><CREATION_DATE>2004-08-15T23:35:23</CREATION_DATE><ORIGINATOR>18 SPCS</ORIGINATOR></header><body><segment><metadata><OBJECT_NAME>SPUTNIK 4 DEB</OBJECT_NAME><OBJECT_ID>1960-005E</OBJECT_ID><CENTER_NAME>EARTH</CENTER_NAME><REF_FRAME>TEME</REF_FRAME><TIME_SYSTEM>UTC</TIME_SYSTEM><MEAN_ELEMENT_THEORY>SGP4</MEAN_ELEMENT_THEORY></metadata><data><meanElements><EPOCH>1960-08-19T16:34:33.722976</EPOCH><MEAN_MOTION>15.88909013</MEAN_MOTION><ECCENTRICITY>0.00342130</ECCENTRICITY><INCLINATION>64.8899</INCLINATION><RA_OF_ASC_NODE>302.1218</RA_OF_ASC_NODE><ARG_OF_PERICENTER>49.4823</ARG_OF_PERICENTER><MEAN_ANOMALY>310.6691</MEAN_ANOMALY></meanElements><tleParameters><EPHEMERIS_TYPE>0</EPHEMERIS_TYPE><CLASSIFICATION_TYPE>U</CLASSIFICATION_TYPE><NORAD_CAT_ID>38</NORAD_CAT_ID><ELEMENT_SET_NO>999</ELEMENT_SET_NO><REV_AT_EPOCH>1500</REV_AT_EPOCH><BSTAR>0.00000000000000</BSTAR><MEAN_MOTION_DOT>0.00610805</MEAN_MOTION_DOT><MEAN_MOTION_DDOT>0.0000000000000</MEAN_MOTION_DDOT></tleParameters><userDefinedParameters><USER_DEFINED parameter="SEMIMAJOR_AXIS">6683.481</USER_DEFINED><USER_DEFINED parameter="PERIOD">90.628</USER_DEFINED><USER_DEFINED parameter="APOAPSIS">328.212</USER_DEFINED><USER_DEFINED parameter="PERIAPSIS">282.480</USER_DEFINED><USER_DEFINED parameter="OBJECT_TYPE">DEBRIS</USER_DEFINED><USER_DEFINED parameter="RCS_SIZE"/><USER_DEFINED parameter="COUNTRY_CODE"/><USER_DEFINED parameter="LAUNCH_DATE"/><USER_DEFINED parameter="SITE"/><USER_DEFINED parameter="DECAY_DATE">1960-08-20</USER_DEFINED><USER_DEFINED parameter="FILE">33906</USER_DEFINED><USER_DEFINED parameter="GP_ID">8672029</USER_DEFINED></userDefinedParameters></data></segment></body></omm></ndm>
