<?xml version="1.0" encoding="utf-8"?>
<ndm xmlns:xsi="http://www.w3.org/2001/XMLSchema-instance" xsi:noNamespaceSchemaLocation="https://sanaregistry.org/r/ndmxml_unqualified/ndmxml-3.0.0-master-3.0.xsd"><omm id="CCSDS_OMM_VERS" version="3.0"><header><COMMENT>GENERATED VIA SPACE-TRACK.ORG API</COMMENT><CREATION_DATE>2025-08-24T02:08:44</CREATION_DATE><ORIGINATOR>18 SPCS</ORIGINATOR></header><body><segment><metadata><OBJECT_NAME>STARLINK-34842</OBJECT_NAME><OBJECT_ID>2025-179A</OBJECT_ID><CENTER_NAME>EARTH</CENTER_NAME><REF_FRAME>TEME</REF_FRAME><TIME_SYSTEM>UTC</TIME_SYSTEM><MEAN_ELEMENT_THEORY>SGP4</MEAN_ELEMENT_THEORY></metadata><data><meanElements><EPOCH>2025-08-23T22:00:03.000096</EPOCH><MEAN_MOTION>15.91080546</MEAN_MOTION><ECCENTRICITY>0.00014132</ECCENTRICITY><INCLINATION>97.5960</INCLINATION><RA_OF_ASC_NODE>275.5724</RA_OF_ASC_NODE><ARG_OF_PERICENTER>78.6313</ARG_OF_PERICENTER><MEAN_ANOMALY>230.5373</MEAN_ANOMALY></meanElements><tleParameters><EPHEMERIS_TYPE>0</EPHEMERIS_TYPE><CLASSIFICATION_TYPE>U</CLASSIFICATION_TYPE><NORAD_CAT_ID>65235</NORAD_CAT_ID><ELEMENT_SET_NO>999</ELEMENT_SET_NO><REV_AT_EPOCH>187</REV_AT_EPOCH><BSTAR>-0.00475157490000</BSTAR><MEAN_MOTION_DOT>-0.01483446</MEAN_MOTION_DOT><MEAN_MOTION_DDOT>0.0006193218600</MEAN_MOTION_DDOT></tleParameters><userDefinedParameters><USER_DEFINED parameter="SEMIMAJOR_AXIS">6677.395</USER_DEFINED><USER_DEFINED parameter="PERIOD">90.505</USER_DEFINED><USER_DEFINED parameter="APOAPSIS">300.204</USER_DEFINED><USER_DEFINED parameter="PERIAPSIS">298.316</USER_DEFINED><USER_DEFINED parameter="OBJECT_TYPE">PAYLOAD</USER_DEFINED><USER_DEFINED parameter="RCS_SIZE"/><USER_DEFINED parameter="COUNTRY_CODE">US</USER_DEFINED><USER_DEFINED parameter="LAUNCH_DATE">2025-08-18</USER_DEFINED><USER_DEFINED parameter="SITE">AFWTR</USER_DEFINED><USER_DEFINED parameter="DECAY_DATE"/><USER_DEFINED parameter="FILE">4820264</USER_DEFINED><USER_DEFINED parameter="GP_ID">295878667</USER_DEFINED></userDefinedParameters></data></segment></body></omm></ndm>
