<?xml version="1.0" encoding="utf-8"?>
<ndm xmlns:xsi="http://www.w3.org/2001/XMLSchema-instance" xsi:noNamespaceSchemaLocation="https://sanaregistry.org/r/ndmxml_unqualified/ndmxml-3.0.0-master-3.0.xsd"><omm id="CCSDS_OMM_VERS" version="3.0"><header><COMMENT>GENERATED VIA SPACE-TRACK.ORG API</COMMENT><CREATION_DATE>2025-08-24T02:08:44</CREATION_DATE><ORIGINATOR>18 SPCS</ORIGINATOR></header><body><segment><metadata><OBJECT_NAME>STARLINK-34996</OBJECT_NAME><OBJECT_ID>2025-176AB</OBJECT_ID><CENTER_NAME>EARTH</CENTER_NAME><REF_FRAME>TEME</REF_FRAME><TIME_SYSTEM>UTC</TIME_SYSTEM><MEAN_ELEMENT_THEORY>SGP4</MEAN_ELEMENT_THEORY></metadata><data><meanElements><EPOCH>2025-08-23T22:00:03.000096</EPOCH><MEAN_MOTION>15.87519660</MEAN_MOTION><ECCENTRICITY>0.00009617</ECCENTRICITY><INCLINATION>53.1569</INCLINATION><RA_OF_ASC_NODE>359.5081</RA_OF_ASC_NODE><ARG_OF_PERICENTER>62.3203</ARG_OF_PERICENTER><MEAN_ANOMALY>41.5577</MEAN_ANOMALY></meanElements><tleParameters><EPHEMERIS_TYPE>0</EPHEMERIS_TYPE><CLASSIFICATION_TYPE>U</CLASSIFICATION_TYPE><NORAD_CAT_ID>65223</NORAD_CAT_ID><ELEMENT_SET_NO>999</ELEMENT_SET_NO><REV_AT_EPOCH>272</REV_AT_EPOCH><BSTAR>-0.00552677650000</BSTAR><MEAN_MOTION_DOT>-0.01320489</MEAN_MOTION_DOT><MEAN_MOTION_DDOT>0.0000000000000</MEAN_MOTION_DDOT></tleParameters><userDefinedParameters><USER_DEFINED parameter="SEMIMAJOR_AXIS">6687.376</USER_DEFINED><USER_DEFINED parameter="PERIOD">90.708</USER_DEFINED><USER_DEFINED parameter="APOAPSIS">309.885</USER_DEFINED><USER_DEFINED parameter="PERIAPSIS">308.598</USER_DEFINED><USER_DEFINED parameter="OBJECT_TYPE">PAYLOAD</USER_DEFINED><USER_DEFINED parameter="RCS_SIZE"/><USER_DEFINED parameter="COUNTRY_CODE">US</USER_DEFINED><USER_DEFINED parameter="LAUNCH_DATE">2025-08-14</USER_DEFINED><USER_DEFINED parameter="SITE">AFETR</USER_DEFINED><USER_DEFINED parameter="DECAY_DATE"/><USER_DEFINED parameter="FILE">4820264</USER_DEFINED><USER_DEFINED parameter="GP_ID">295878662</USER_DEFINED></userDefinedParameters></data></segment></body></omm></ndm>
