<ndm xsi:noNamespaceSchemaLocation="https://sanaregistry.org/r/ndmxml_unqualified/ndmxml-3.0.0-master-3.0.xsd">
<omm id="CCSDS_OMM_VERS" version="3.0">
<header>
<COMMENT>GENERATED VIA SPACE-TRACK.ORG API</COMMENT>
<CREATION_DATE>2025-06-01T02:33:10</CREATION_DATE>
<ORIGINATOR>18 SPCS</ORIGINATOR>
</header>
<body>
<segment>
<metadata>
<OBJECT_NAME>SZ-19 DEB</OBJECT_NAME>
<OBJECT_ID>2024-194E</OBJECT_ID>
<CENTER_NAME>EARTH</CENTER_NAME>
<REF_FRAME>TEME</REF_FRAME>
<TIME_SYSTEM>UTC</TIME_SYSTEM>
<MEAN_ELEMENT_THEORY>SGP4</MEAN_ELEMENT_THEORY>
</metadata>
<data>
<meanElements>
<EPOCH>2025-05-31T23:08:06.310752</EPOCH>
<MEAN_MOTION>15.62891386</MEAN_MOTION>
<ECCENTRICITY>0.00044050</ECCENTRICITY>
<INCLINATION>41.4739</INCLINATION>
<RA_OF_ASC_NODE>118.8329</RA_OF_ASC_NODE>
<ARG_OF_PERICENTER>172.1717</ARG_OF_PERICENTER>
<MEAN_ANOMALY>187.9192</MEAN_ANOMALY>
</meanElements>
<tleParameters>
<EPHEMERIS_TYPE>0</EPHEMERIS_TYPE>
<CLASSIFICATION_TYPE>U</CLASSIFICATION_TYPE>
<NORAD_CAT_ID>63801</NORAD_CAT_ID>
<ELEMENT_SET_NO>999</ELEMENT_SET_NO>
<REV_AT_EPOCH>471</REV_AT_EPOCH>
<BSTAR>0.00028615000000</BSTAR>
<MEAN_MOTION_DOT>0.00026371</MEAN_MOTION_DOT>
<MEAN_MOTION_DDOT>0.0000000000000</MEAN_MOTION_DDOT>
</tleParameters>
<userDefinedParameters>
<USER_DEFINED parameter="SEMIMAJOR_AXIS">6757.447</USER_DEFINED>
<USER_DEFINED parameter="PERIOD">92.137</USER_DEFINED>
<USER_DEFINED parameter="APOAPSIS">382.289</USER_DEFINED>
<USER_DEFINED parameter="PERIAPSIS">376.335</USER_DEFINED>
<USER_DEFINED parameter="OBJECT_TYPE">DEBRIS</USER_DEFINED>
<USER_DEFINED parameter="RCS_SIZE">LARGE</USER_DEFINED>
<USER_DEFINED parameter="COUNTRY_CODE">PRC</USER_DEFINED>
<USER_DEFINED parameter="LAUNCH_DATE">2024-10-29</USER_DEFINED>
<USER_DEFINED parameter="SITE">JSC</USER_DEFINED>
<USER_DEFINED parameter="DECAY_DATE"/>
<USER_DEFINED parameter="FILE">4744264</USER_DEFINED>
<USER_DEFINED parameter="GP_ID">288886977</USER_DEFINED>
</userDefinedParameters>
</data>
</segment>
</body>
</omm>
</ndm>
