<?xml version="1.0" encoding="utf-8"?>
<ndm xmlns:xsi="http://www.w3.org/2001/XMLSchema-instance" xsi:noNamespaceSchemaLocation="https://sanaregistry.org/r/ndmxml_unqualified/ndmxml-3.0.0-master-3.0.xsd"><omm id="CCSDS_OMM_VERS" version="3.0"><header><COMMENT>GENERATED VIA SPACE-TRACK.ORG API</COMMENT><CREATION_DATE>2004-08-15T23:35:26</CREATION_DATE><ORIGINATOR>18 SPCS</ORIGINATOR></header><body><segment><metadata><OBJECT_NAME>THOR ABLE R/B</OBJECT_NAME><OBJECT_ID>1959-004B</OBJECT_ID><CENTER_NAME>EARTH</CENTER_NAME><REF_FRAME>TEME</REF_FRAME><TIME_SYSTEM>UTC</TIME_SYSTEM><MEAN_ELEMENT_THEORY>SGP4</MEAN_ELEMENT_THEORY></metadata><data><meanElements><EPOCH>1961-01-08T20:25:53.183999</EPOCH><MEAN_MOTION>2.00290678</MEAN_MOTION><ECCENTRICITY>0.75264000</ECCENTRICITY><INCLINATION>47.1000</INCLINATION><RA_OF_ASC_NODE>284.3200</RA_OF_ASC_NODE><ARG_OF_PERICENTER>171.0000</ARG_OF_PERICENTER><MEAN_ANOMALY>203.9657</MEAN_ANOMALY></meanElements><tleParameters><EPHEMERIS_TYPE>0</EPHEMERIS_TYPE><CLASSIFICATION_TYPE>U</CLASSIFICATION_TYPE><NORAD_CAT_ID>17</NORAD_CAT_ID><ELEMENT_SET_NO>999</ELEMENT_SET_NO><REV_AT_EPOCH>1007</REV_AT_EPOCH><BSTAR>0.00000000000000</BSTAR><MEAN_MOTION_DOT>0.00070225</MEAN_MOTION_DOT><MEAN_MOTION_DDOT>0.0000000000000</MEAN_MOTION_DDOT></tleParameters><userDefinedParameters><USER_DEFINED parameter="SEMIMAJOR_AXIS">26584.487</USER_DEFINED><USER_DEFINED parameter="PERIOD">718.955</USER_DEFINED><USER_DEFINED parameter="APOAPSIS">40214.901</USER_DEFINED><USER_DEFINED parameter="PERIAPSIS">197.803</USER_DEFINED><USER_DEFINED parameter="OBJECT_TYPE">ROCKET BODY</USER_DEFINED><USER_DEFINED parameter="RCS_SIZE"/><USER_DEFINED parameter="COUNTRY_CODE"/><USER_DEFINED parameter="LAUNCH_DATE"/><USER_DEFINED parameter="SITE"/><USER_DEFINED parameter="DECAY_DATE">1961-06-30</USER_DEFINED><USER_DEFINED parameter="FILE">33907</USER_DEFINED><USER_DEFINED parameter="GP_ID">8672451</USER_DEFINED></userDefinedParameters></data></segment></body></omm></ndm>
