<?xml version="1.0" encoding="utf-8"?>
<ndm xmlns:xsi="http://www.w3.org/2001/XMLSchema-instance" xsi:noNamespaceSchemaLocation="https://sanaregistry.org/r/ndmxml_unqualified/ndmxml-3.0.0-master-3.0.xsd"><omm id="CCSDS_OMM_VERS" version="3.0"><header><COMMENT>GENERATED VIA SPACE-TRACK.ORG API</COMMENT><CREATION_DATE>2025-09-06T10:23:13</CREATION_DATE><ORIGINATOR>18 SPCS</ORIGINATOR></header><body><segment><metadata><OBJECT_NAME>TIROS 1</OBJECT_NAME><OBJECT_ID>1960-002B</OBJECT_ID><CENTER_NAME>EARTH</CENTER_NAME><REF_FRAME>TEME</REF_FRAME><TIME_SYSTEM>UTC</TIME_SYSTEM><MEAN_ELEMENT_THEORY>SGP4</MEAN_ELEMENT_THEORY></metadata><data><meanElements><EPOCH>2025-09-06T05:23:17.302848</EPOCH><MEAN_MOTION>14.78150849</MEAN_MOTION><ECCENTRICITY>0.00218144</ECCENTRICITY><INCLINATION>48.3783</INCLINATION><RA_OF_ASC_NODE>293.5969</RA_OF_ASC_NODE><ARG_OF_PERICENTER>126.6450</ARG_OF_PERICENTER><MEAN_ANOMALY>233.6473</MEAN_ANOMALY></meanElements><tleParameters><EPHEMERIS_TYPE>0</EPHEMERIS_TYPE><CLASSIFICATION_TYPE>U</CLASSIFICATION_TYPE><NORAD_CAT_ID>29</NORAD_CAT_ID><ELEMENT_SET_NO>999</ELEMENT_SET_NO><REV_AT_EPOCH>50011</REV_AT_EPOCH><BSTAR>0.00016955690000</BSTAR><MEAN_MOTION_DOT>0.00001031</MEAN_MOTION_DOT><MEAN_MOTION_DDOT>0.0000000000000</MEAN_MOTION_DDOT></tleParameters><userDefinedParameters><USER_DEFINED parameter="SEMIMAJOR_AXIS">7013.304</USER_DEFINED><USER_DEFINED parameter="PERIOD">97.419</USER_DEFINED><USER_DEFINED parameter="APOAPSIS">650.468</USER_DEFINED><USER_DEFINED parameter="PERIAPSIS">619.870</USER_DEFINED><USER_DEFINED parameter="OBJECT_TYPE">PAYLOAD</USER_DEFINED><USER_DEFINED parameter="RCS_SIZE">MEDIUM</USER_DEFINED><USER_DEFINED parameter="COUNTRY_CODE">US</USER_DEFINED><USER_DEFINED parameter="LAUNCH_DATE">1960-04-01</USER_DEFINED><USER_DEFINED parameter="SITE">AFETR</USER_DEFINED><USER_DEFINED parameter="DECAY_DATE"/><USER_DEFINED parameter="FILE">4822049</USER_DEFINED><USER_DEFINED parameter="GP_ID">296927686</USER_DEFINED></userDefinedParameters></data></segment></body></omm></ndm>
