<?xml version="1.0" encoding="utf-8"?>
<ndm xmlns:xsi="http://www.w3.org/2001/XMLSchema-instance" xsi:noNamespaceSchemaLocation="https://sanaregistry.org/r/ndmxml_unqualified/ndmxml-3.0.0-master-3.0.xsd"><omm id="CCSDS_OMM_VERS" version="3.0"><header><COMMENT>GENERATED VIA SPACE-TRACK.ORG API</COMMENT><CREATION_DATE>2025-09-06T10:23:13</CREATION_DATE><ORIGINATOR>18 SPCS</ORIGINATOR></header><body><segment><metadata><OBJECT_NAME>VANGUARD 2</OBJECT_NAME><OBJECT_ID>1959-001A</OBJECT_ID><CENTER_NAME>EARTH</CENTER_NAME><REF_FRAME>TEME</REF_FRAME><TIME_SYSTEM>UTC</TIME_SYSTEM><MEAN_ELEMENT_THEORY>SGP4</MEAN_ELEMENT_THEORY></metadata><data><meanElements><EPOCH>2025-09-06T04:42:11.200608</EPOCH><MEAN_MOTION>11.90013614</MEAN_MOTION><ECCENTRICITY>0.14486508</ECCENTRICITY><INCLINATION>32.8763</INCLINATION><RA_OF_ASC_NODE>79.5874</RA_OF_ASC_NODE><ARG_OF_PERICENTER>241.2967</ARG_OF_PERICENTER><MEAN_ANOMALY>103.4535</MEAN_ANOMALY></meanElements><tleParameters><EPHEMERIS_TYPE>0</EPHEMERIS_TYPE><CLASSIFICATION_TYPE>U</CLASSIFICATION_TYPE><NORAD_CAT_ID>11</NORAD_CAT_ID><ELEMENT_SET_NO>999</ELEMENT_SET_NO><REV_AT_EPOCH>50162</REV_AT_EPOCH><BSTAR>0.00042689776000</BSTAR><MEAN_MOTION_DOT>0.00000853</MEAN_MOTION_DOT><MEAN_MOTION_DDOT>0.0000000000000</MEAN_MOTION_DDOT></tleParameters><userDefinedParameters><USER_DEFINED parameter="SEMIMAJOR_AXIS">8104.021</USER_DEFINED><USER_DEFINED parameter="PERIOD">121.007</USER_DEFINED><USER_DEFINED parameter="APOAPSIS">2899.876</USER_DEFINED><USER_DEFINED parameter="PERIAPSIS">551.896</USER_DEFINED><USER_DEFINED parameter="OBJECT_TYPE">PAYLOAD</USER_DEFINED><USER_DEFINED parameter="RCS_SIZE">MEDIUM</USER_DEFINED><USER_DEFINED parameter="COUNTRY_CODE">US</USER_DEFINED><USER_DEFINED parameter="LAUNCH_DATE">1959-02-17</USER_DEFINED><USER_DEFINED parameter="SITE">AFETR</USER_DEFINED><USER_DEFINED parameter="DECAY_DATE"/><USER_DEFINED parameter="FILE">4822049</USER_DEFINED><USER_DEFINED parameter="GP_ID">296928183</USER_DEFINED></userDefinedParameters></data></segment></body></omm></ndm>
